Prova;Preu
Calcitriol (vitamina D)-Sèrum;27,95
11-desoxicortisol-Sèrum;21,15
17-hidroxipregnenolona-Sèrum;38,31
17-Hidroxiprogesterona-Sèrum;9,82
Calcidiol (vitamina D)-Sèrum;8,93
5-aminolevulinat-Orina;17,36
5-hidroxiindolacetat-Orina;23,3
Acetoacetat-Plasma;15,53
Àcid fòlic (eritròcits)-Sang;22,86
Àcid fòlic-Sèrum;3,5
Àcid homovaníl·lic-Orina;23,3
Àcid indolacètic-Orina 24 h;23,3
Àcid micofenòlic-Plasma;29,67
Àcid micofenòlic-Sèrum;29,67
Àcid salicílic-Sèrum;22,5
Àcid valproic-Plasma [urgències];11,64
Àcid valproic-Sèrum;5,82
Àcid vanil·lilmandèlic-Orina;23,3
Àcid vanil·lilmandèlic -Orina 24 h;23,3
Àcids biliars-Sèrum;13,55
Àcids grassos de cadena llarga (C16-C26)-Plasma;129,33
Àcids grassos lliures totals no esterificats (NEFA)-Plasma;24,03
Adenosina-desaminasa (ADA)-LCR;9,49
Adenosina-desaminasa (ADA)-Líquid ascític;9,49
Adenosina-desaminasa (ADA)-Líquid biològic [urgències];19,02
Adenosina-desaminasa (ADA)-Líquid pericàrdic;9,49
Adenosina desaminasa (ADA)-Líquid pleural;9,49
Adenosina desaminasa (ADA)-Líquid sinovial;9,49
Adenosina desaminasa (ADA)-Sèrum;7,31
Alanina-aminotransferasa (ALT/GPT)-Plasma [urgències];1,11
Alanina-aminotransferasa (ALT/GPT)-Sèrum;0,55
Alanina-aminotransferasa (ALT/GPT)-Sèrum [urgències];1,11
Albúmina-LCR;3,11
Albúmina-Líquid ascític;3,11
Albúmina-Líquid biològic;3,11
Albúmina-Líquid pleural;3,11
Albúmina-Orina;3,11
Albúmina-Orina 24 h;3,11
Albúmina-Plasma;0,54
Albúmina-Plasma [urgències];1,08
Albúmina-Sèrum;0,54
Albúmina-Sèrum [urgències];1,08
Aldolasa-Sèrum;0,78
Aldosterona-Orina 24 h;10,37
Aldosterona-Plasma;7,98
Aldosterona-Sèrum;7,98
Alfa -1-antitripsina (fenotip)-Sèrum;109,72
Alfa -1-antitripsina-Femta;27,75
Alfa -1-antitripsina-Sèrum;5,43
Alfa -1-glicoproteïna àcida-Sèrum;3,75
Alfa -amilasa pancreàtica-Líquid ascític;2,93
Alfa -amilasa pancreàtica-Líquid drenatge;2,93
Alfa -amilasa pancreàtica-Líquid drenatge [urgències];5,85
Alfa -amilasa pancreàtica-Líquid pleural;2,93
Alfa -amilasa pancreàtica-Orina;2,93
Alfa -amilasa pancreàtica-Sèrum;2,25
Alfa -amilasa-Líquid ascític;2,02
Alfa -amilasa-Líquid ascític [urgències];4,03
Alfa -amilasa-Líquid biològic;2,02
Alfa -amilasa-Líquid pleural;2,02
Alfa -amilasa-Líquid pleural [urgències];4,03
Alfa -amilasa-Orina;2,02
Alfa -amilasa-Orina [urgències];4,03
Alfa -amilasa-Orina 24 h;2,02
Alfa -amilasa-Plasma [urgències];3,11
Alfa -amilasa-Sèrum;1,56
Alfa -amilasa-Sèrum [urgències];3,11
Alfa -fetoproteïna-Sèrum;4,67
Alfa -tocoferol (vitamina E)-Sèrum;15,53
Alfa -tocoferol de LDL-Sèrum;29,97
Alumini-Sèrum;5,72
Amanitina-Sèrum;258,75
Amfetamines, semiquantitatiu (neg., +, ++, +++) -Orina;8,25
Amikacina pic-Sèrum;23,3
Amikacina pic-Sèrum [urgències];46,57
Amikacina vall-Sèrum;23,3
Amikacina vall-Sèrum [urgències];46,57
Amikacina-Sèrum;23,3
Amoni-Plasma;13,55
Amoni-Plasma [urgències];27,07
Androstenediol (glucurònid)-Sèrum;17,04
Androstenediona-Sèrum;23,3
Antidepressius tricíclics (qualitatiu: negatiu, positiu)-Plasma [urgències];38,19
Antigen CA 125-LCR;7,77
Antigen CA 125-Líquid pleural;10,1
Antigen CA 125-Sèrum;7,77
Antigen CA 15.3-LCR;7,77
Antigen CA 15.3-Líquid pleural;10,1
Antigen CA 15.3-Sèrum;7,77
Antigen CA 19.9-LCR;7,77
Antigen CA 19.9-Líquid pleural;10,1
Antigen CA 19.9-Sèrum;7,77
Antigen CA 27.29-Sèrum;42,45
Antigen CA 50-Sèrum;17,49
Antigen CA 72.4-Sèrum;13,66
Antigen CEA-LCR;3,99
Antigen CEA-Líquid biològic;5,42
Antigen CEA-Líquid pleural;5,42
Antigen CEA-Sèrum;4,17
Antigen contra les cèl·lules escamoses (SCCA)-Sèrum;31,05
Antigen PSA lliure-Sèrum;8,54
Antigen PSA-LCR;3,5
Antigen PSA-Sèrum;3,5
Antigen polipeptídic tissular (TPA)-Sèrum;20,52
Antigen S 100-Líquid biològic;43,47
Antigen S 100-Plasma;43,47
Antigen S 100-Sèrum;43,47
Apolipoproteïna A-I-Sèrum;4,89
Apolipoproteïna B-Sèrum;4,89
Apolipoproteïna E (ApoE)-Sèrum;5,25
Arsènic-Orina;36,51
Ascorbat (vitamina C)-Plasma;12,55
Ascorbat (vitamina C)-Sang;12,55
Ascorbat (vitamina C)-Sèrum;12,55
Aspartat-aminotransferasa (AST/GOT)-Plasma [urgències];1,11
Aspartat-aminotransferasa (AST/GOT)-Sèrum;0,55
Aspartat-aminotransferasa (AST/GOT)-Sèrum [urgències];1,11
Aztreonam (HPLC-MS/MS)-Plasma;112,5
Barbiturats (qualitatiu: negatiu, positiu)-Plasma [urgències];38,19
Benzodiazepines (qualitatiu: negatiu, positiu)-Orina;19,1
Benzodiazepines (qualitatiu: negatiu, positiu)-Sèrum;19,1
Benzodiazepines (quantitatiu)-Orina;56,93
Beta-2-microglobulina-Orina;15,73
Beta-2-microglobulina-Sèrum;12,1
Beta-hidroxibutirat-Plasma;14,79
Bilirubina esterificada-Líquid biològic [urgències];1,62
Bilirubina esterificada-Plasma [urgències];1,24
Bilirubina esterificada-Sèrum;0,62
Bilirubina esterificada-Sèrum [urgències];1,24
Bilirubina no esterificada-Sèrum;0,62
Bilirubina no esterificada-Sèrum [urgències];1,24
Bilirubina-Líquid ascític;0,4
Bilirubina-Líquid biològic;0,4
Bilirubina-Líquid drenatge;0,4
Bilirubina-Líquid pleural;0,4
Bilirubina-Plasma;0,32
Bilirubina-Plasma [urgències];0,62
Bilirubina-Sèrum;0,32
Bilirubina-Sèrum [urgències];0,62
Biotina (vitamina H)-Sèrum;50,44
Bromazepam-Sèrum;76,08
Cadmi-Sang;21,87
Calci-Orina;0,9
Calci-Orina 24 h;0,9
Calci-Plasma [urgències];1,4
Calci-Sèrum;0,71
Calci-Sèrum [urgències];1,4
Calcitonina-Sèrum;10,69
Calprotectina-Femta;38,82
Cannabinoides (qualitatiu: negatiu, positiu)-Orina;7,77
Cannabinoides (quantitatiu)-Orina;56,93
Carbamazepina-Plasma [urgències];31,05
Carbamazepina-Sèrum;15,53
Carotens (HPLC)-Sèrum;21,15
Cefepima (HPLC-MS/MS)-Plasma;112,5
Ceftazidima (HPLC-MS/MS)-Plasma;112,5
Cèl·lules (tinció MGG)-Rentat broncoalveolar;14,78
Ceruloplasmina-Sèrum;9,32
Ciclosporina (2 h)-Sang;20,19
Ciclosporina (HPLC-MS/MS)-Sang;15
Ciclosporina-Sang;15,53
Ciclosporina-Sang [urgències];31,05
Cistina-Orina 24 h;14,39
Cistina-Prt(Lks);14,39
Citrat-Orina;15,53
Citrat-Orina 24 h;15,53
Citrat-Plasma seminal;8,52
Clobazam-Sèrum;28,57
Clomipramina+desclomipramina (qualitatiu: negatiu, positiu)-Sèrum;11,96
Clomipramina-Sèrum;11,96
Clonazepam-Sèrum;19,35
Clozapina-Sèrum;19,02
Cobalamines (vitamina B12)-Sèrum;3,11
Cobalt-Orina;14,46
Cobalt-Sang;14,46
Cobalt-Sèrum;14,46
Cocaïna (qualitatiu: negatiu, positiu)-Orina;7,77
Cocaïna (qualitatiu: negatiu, positiu)-Orina [urgències];15,53
Cocaïna (quantitatiu)-Orina;56,93
Colesterol d’LDL (ultracentrifugació)-Sèrum;8,25
Colesterol de VLDL (ultracentrifugació)-Sèrum;8,25
Colesterol d'HDL-Sèrum;1,56
Colesterol d'LDL-Sèrum;3,64
Colesterol-Líquid ascític;1,21
Colesterol-Líquid biològic;1,21
Colesterol-Líquid pleural;1,21
Colesterol-Sèrum;0,93
Colesterol-Sèrum [urgències];1,86
Colinesterasa-Sèrum;4,61
Corticotropina (ACTH)-Plasma;11,64
Cortisol (lliure)-Orina 24 h;12,6
Cortisol-Orina 24 h;7,06
Cortisol-Saliva;7,06
Cortisol-Sèrum;5,43
Cossos reductors-Femta;28,71
Coure-Orina;10,1
Coure-Orina 24 h;10,1
Coure-Plasma;7,77
Coure-Sèrum;7,77
Creatina-cinasa MB-Plasma [urgències];9,32
Creatina-cinasa MB-Sèrum;4,67
Creatina-cinasa MB-Sèrum [urgències];9,32
Creatina-cinasa (CK)-Plasma [urgències];3,11
Creatina-cinasa (CK)-Sèrum;1,56
Creatina-cinasa (CK)-Sèrum [urgències];3,11
Creatinini, depuració-Orina 24 h;3,96
Creatinini-Líquid biològic;1,21
Creatinini-Líquid peritoneal;1,21
Creatinini-Líquid pleural;1,21
Creatinini-Orina;1,21
Creatinini-Orina [urgències];2,41
Creatinini-Orina 24 h;1,21
Creatinini-Plasma [urgències];1,86
Creatinini-Sèrum;0,93
Creatinini-Sèrum [urgències];1,86
Cribratge sang oculta (hemoglobina)-Femta;2,22
Cristalls (microscopi de polarització) -Líquid sinovial;15,53
Cristalls (microscopi de polarització) -Líquid sinovial [urgències];31,05
Cromogranina A-Plasma;54,34
Cromogranina A-Sèrum;54,34
Crom-Orina;19,02
Crom-Sèrum;11,41
CYFRA 21.1-Sèrum;10,14
Desclomipramina-Sèrum;11,96
Deshidroepiandrosterona (DHEA)-Sèrum;15,53
Desoxicorticosterona-Sèrum;103,65
Digestió-Femta;18,49
Digoxina-Plasma [urgències];18,01
Digoxina-Sèrum;9
Digoxina-Sèrum [urgències];18,01
Dihidrotestosterona-Sèrum;15,06
Dopamina-Plasma;16,59
Elastasa pancreàtica-Femta;30,27
Enolasa neuronal específica (NSE)-Sèrum;24,84
Eritròcits, morfologia (estudi dismòrfics) -Orina;4,67
Eritropoetina-Sèrum;10,88
Eslicarbazepina (HPLC-MS/MS)-Sèrum;30
Estradiol-Sèrum;5,43
Etanol (qualitatiu: negatiu, positiu)-Orina;4,03
Etanol (quantitatiu)-Plasma [urgències];14,91
Etanol (quantitatiu)-Sèrum;7,45
Etilglucurònid (qualitatiu: negatiu, positiu)-Orina;20,49
Etosuximida-Sèrum;12,93
Everolimús-Sang;15,53
Factor de creixement insulínic (IGF-1)-Sèrum;15,53
Factor de creixement placentari (PLGF)-Sèrum;38,82
Fenciclidina (quantitatiu)-Orina;56,93
Fenilalanina-Plasma;31,05
Fenitoïna-Plasma [urgències];31,05
Fenitoïna-Sèrum;15,53
Fenobarbital-Plasma [urgències];31,05
Fenobarbital-Sèrum;15,53
Ferritina-Sèrum;1,86
Ferro-Orina 24 h;5,72
Ferro-Sèrum;0,85
Fitomenadiona (vitamina K1)-Sèrum;42,64
Fluoxetina-Sèrum;54,87
Fol·litropina (FSH)-Sèrum;4,89
Fosfatasa àcida-Sèrum;5,33
Fosfatasa alcalina òssia-Sèrum;18,07
Fosfatasa alcalina-Plasma [urgències];1,08
Fosfatasa alcalina-Sèrum;0,54
Fosfat-Orina;0,81
Fosfat-Orina 24 h;0,81
Fosfat-Sèrum;0,62
Fosfat-Sèrum [urgències];1,24
Fosfolípid-Sèrum;18,63
Fructosamina-Sèrum;3,11
Fructosa-Plasma seminal;2,33
Gabapentina-Sèrum;20,52
Gammaglutamil-transferasa (GGT)-Plasma [urgències];1,24
Gammaglutamil-transferasa (GGT)-Sèrum;0,62
Gammaglutamil-transferasa-Sèrum [urgències];1,24
Gastrina-Sèrum;10,8
Gentamicina pic (dosi múltiple)-Sèrum;15,14
Gentamicina pic-Sèrum;15,14
Gentamicina vall (dosi múltiple)-Sèrum;15,14
Gentamicina vall-Sèrum;15,14
Gentamicina vall-Sèrum [urgències];15,14
Globulina enllaçant d'hormones sexuals (SHBG)-Sèrum;8,79
Globulina enllaçant d'hormones tiroidals (TBG)-Sèrum;19,02
Glucagó-Plasma;21,15
Glucocerebrosidasa-Prt(Lks);101,49
Glucosa-LCR;0,51
Glucosa-LCR [urgències];1,02
Glucosa-Líquid amniòtic;0,51
Glucosa-Líquid ascític;0,51
Glucosa-Líquid ascític [urgències];1,02
Glucosa-Líquid biològic;0,51
Glucosa-Líquid biològic [urgències];1,02
Glucosa-Líquid drenatge;0,51
Glucosa-Líquid pericàrdic;0,51
Glucosa-Líquid peritoneal;0,51
Glucosa-Líquid pleural;0,51
Glucosa-Líquid pleural [urgències];1,02
Glucosa-Líquid sinovial;0,51
Glucosa-Líquid sinovial [urgències];1,02
Glucosaminoglicans-Orina;93,39
Glucosa-Orina;0,51
Glucosa-Orina 24 h;0,51
Glucosa-Plasma [urgències];0,78
Glucosa-Sèrum;0,39
Glucosa-Sèrum [urgències];0,78
Gonadotropina coriònica (hCG beta total)-Plasma [urgències];16,14
Gonadotropina coriònica (hCG beta total)-Sèrum;8,07
Gonadotropina coriònica (hCG beta total)-Sèrum [urgències];16,14
Gonadotropina coriònica (prova d'embaràs)-Orina;2,15
Gonadotropina coriònica (prova d'embaràs)-Orina [urgències];4,29
Gonadotropina coriònica (HCG total) (qualitatiu)-Sèrum;6,96
Gonadotropina coriònica (HCG total) (qualitatiu)-Sèrum [urgències];13,91
Haptoglobina-Sèrum;4,17
Detecció de sang (hemoglobina)-Femta;2,22
Detecció de sang (hemoglobina) (segona mostra)-Femta;2,22
Detecció de sang (hemoglobina) (tercera mostra)-Femta;2,22
Hemoglobina glicosilada (HbA1c) IFCC-Sang;3,57
Hemosiderina-Orina;23,3
Hepcidina-Sèrum;143,7
Hidroxiprolina-Orina 24 h;14,52
Histamina-Plasma;27,95
Homocisteïna-Plasma;9,32
Hormona antimülleriana (MIF)-Sèrum;51,24
Somatotropina (GH)-Sèrum;6,99
Parotidina recombinant (r-PTH)-Sèrum;60,09
Infliximab-Sèrum;108,68
Inhibina A-Sèrum;59,99
Inhibina B-Sèrum;34,23
Insulina-Sèrum;6,99
Itraconazole-Sèrum;30,45
Lacosamida (HPLC-MS/MS)-Sèrum;30
Lactat-deshidrogenasa (LDH)-LCR;1,37
Lactat-deshidrogenasa (LDH)-Líquid ascític;1,37
Lactat-deshidrogenasa (LDH)-Líquid ascític [urgències];3,05
Lactat-deshidrogenasa (LDH)-Líquid biològic;1,37
Lactat-deshidrogenasa (LDH)-Líquid pericàrdic;1,37
Lactat-deshidrogenasa (LDH)-Líquid pleural;1,05
Lactat-deshidrogenasa (LDH)-Líquid pleural [urgències];3,05
Lactat-deshidrogenasa (LDH)-Líquid sinovial;1,37
Lactat-deshidrogenasa (LDH)-Plasma;1,37
Lactat-deshidrogenasa (LDH)-Plasma [urgències];2,11
Lactat-deshidrogenasa (LDH)-Sèrum;1,05
Lactat-deshidrogenasa (LDH)-Sèrum [urgències];2,11
Lactat-LCR;6,06
Lactat-LCR [urgències];9,32
Lactat-Plasma;4,67
Lactat-Plasma [urgències];9,32
Lactat-Sang;4,67
Lamotrigina-Sèrum;23,3
Leptina-Sèrum;44,88
Levetiracetam-Sèrum;43,32
Lipasa-Plasma [urgències];3,11
Lipasa-Sèrum;1,95
Excreció de lípids-Femta 24 h;21
Lipoproteïna (a)-Sèrum;21,74
Liti-Sèrum;9,32
Liti-Sèrum [urgències];18,63
Lutropina (LH)-Sèrum;4,67
Macroprolactina-Sèrum;7,77
Magnesi-Orina;1,21
Magnesi-Orina 24 h;1,21
Magnesi-Plasma [urgències];1,86
Magnesi-Sèrum;0,93
Manganès-Orina;22,86
Manganès-Sang;13,16
Mercuri-Orina;17,49
Mercuri-Sang;13,74
Metadona (qualitatiu: negatiu, positiu)-Orina;7,45
Metadona (quantitatiu)-Orina;56,93
Metanefrines totals-Orina 24 h;23,3
MDMA (qualitatiu: negatiu, positiu)-Orina;12,06
Metilmalonat (cromatografia de gasos)-Plasma;99
Metotrexat-Plasma [urgències];77,62
Metotrexat-Sèrum;38,82
Niacina-Sèrum;34,23
Nicotinamida (vitamina B3)-Sèrum;34,23
Níquel-Sèrum;15,06
Nortriptilina-Sèrum;12,33
Opiacis (qualitatiu: negatiu, positiu)-Orina;8,16
Opiacis (quantitatiu)-Orina;56,93
Osmolalitat-Orina;5,43
Osmolalitat-Orina [urgències];10,88
Osmolalitat-Plasma [urgències];10,88
Osmolalitat-Sèrum;5,43
Osmolalitat-Sèrum [urgències];10,88
Osteocalcina-Sèrum;23,13
Oxalat-Orina;31,5
Oxalat-Orina 24 h;31,5
Oxcarbazepina-Sèrum;29,67
Paracetamol-Plasma [urgències];31,05
Paracetamol-Sèrum;15,53
Paracetamol-Sèrum [urgències];31,05
Paratirina (PTH)-Plasma (mesures intraoperatòries);12,42
Paratirina (PTH)-Sèrum;6,21
Pepsinogen-Sèrum;44,88
Pèptid C-Sèrum;6,21
Pèptid natriurètic cerebral (BNP)-Plasma;33
Pèptid natriurètic cerebral (BNP)-Sèrum;33
Peptidil-dipeptidasa A (ECA)-LCR;20,19
Peptidil-dipeptidasa A (ECA)-Sèrum;15,53
Perfil-Àcids argànics-Orina;129,33
Perfil-Amilasa (isoenzims)-Sèrum;11,43
Perfil-Aminoàcids-Orina;74,1
Perfil-Aminoàcids-Plasma;57
Perfil-Càlcul urinari;31,05
Perfil-Carnitines total i lliure-Sèrum;39,43
Perfil-Catecolamines fraccionades, excreció-Orina 24 h;23,3
Perfil-Catecolamines fraccionades-Plasma;23,3
Perfil-Cel·lularitat-LCR;3,11
Perfil-Cel·lularitat-LCR [urgències];6,21
Perfil-Cel·lularitat-Líquid ascític;3,11
Perfil-Cel·lularitat-Líquid ascític [urgències];6,21
Perfil-Cel·lularitat-Líquid biològic;3,11
Perfil-Cel·lularitat-Líquid biològic [urgències];6,21
Perfil-Cel·lularitat-Líquid drenatge;3,11
Perfil-Cel·lularitat-Líquid pericàrdic;3,11
Perfil-Cel·lularitat-Líquid pleural;3,11
Perfil-Cel·lularitat-Líquid pleural [urgències];6,21
Perfil-Cel·lularitat-Líquid sinovial;3,11
Perfil-Cel·lularitat-Líquid sinovial [urgències];6,21
Perfil-Creatina-cinasa (isoenzims)-Sèrum;12,39
Perfil-Cribratge drogues d'abús (10 substàncies)-Orina [urgències];40,37
Perfil-Cribratge drogues d'abús (12 substàncies)-Orina;24,84
Perfil-Cribratge drogues d'abús (6 substàncies)-Orina;15,53
Perfil-Cribratge primer trimestre de trisomies-Sèrum;24,84
Perfil-Cribratge segon trimestre de defectes del tub neural-Sèrum;24,84
Perfil-Cribratge segon trimestre de trisomies i defectes tub neural-Sèrum;24,84
Perfil-Equilibri acidobàsic+calci-S. arterial;3,89
Perfil-Equilibri acidobàsic+calci-S. capil·lar;3,89
Perfil-Equilibri acidobàsic+calci-S. venosa;3,89
Perfil-Equilibri acidobàsic+calci-S. venosa [urgències];7,77
Perfil-Equilibri acidobàsic+ions+metabòlits-S. arterial;3,89
Perfil-Equilibri acidobàsic+ions+metabòlits-S. arterial [urgències];7,77
Perfil-Equilibri acidobàsic+ions+metabòlits-S. venosa;3,89
Perfil-Equilibri acidobàsic+ions+metabòlits-S. venosa [urgències];7,77
Perfil-Equilibri acidobàsic+oximetria+calci+sodi+potassi+glucosa+lactat-S. arterial;3,89
Perfil-Equilibri acidobàsic+oximetria+calci+sodi+potassi+glucosa+lactat-S. arterial [urgències];7,77
Perfil-Equilibri acidobàsic+oximetria+calci+sodi+potassi+glucosa+lactat-S. venosa;3,89
Perfil-Equilibri acidobàsic+oximetria+calci+sodi+potassi+glucosa+lactat-S. venosa [urgències];7,77
Perfil-Equilibri acidobàsic+oximetria+calci+sodi+potassi-S. venosa;3,89
Perfil-Equilibri acidobàsic+oximetria-S. arterial;3,89
Perfil-Equilibri acidobàsic+oximetria-S. arterial [urgències];3,89
Perfil-Equilibri acidobàsic-S. arterial;3,89
Perfil-Equilibri acidobàsic-S. arterial [urgències];7,77
Perfil-Equilibri acidobàsic-S. capil·lar;3,89
Perfil-Equilibri acidobàsic-S. capil·lar [urgències];7,77
Perfil-Equilibri acidobàsic-S. venosa;3,89
Perfil-Equilibri acidobàsic-S. venosa [urgències];7,77
Perfil-Fosfatasa alcalina (Isoenzims)-Sèrum;15,06
Perfil-Glucosaminoglicans-Orina;93,39
Perfil-Guanidinoacetat i creatina-Orina;85,4
Perfil-Guanidinoacetat i creatina-Plasma;85,4
Perfil-Ions (sodi i potassi), excreció-Orina 24 h;3,03
Perfil-Ions (sodi i potassi)-Orina;3,03
Perfil-Ions (sodi i potassi)-Orina [urgències];6,06
Perfil-Ions (sodi i potassi)-Plasma [urgències];4,65
Perfil-Ions (sodi i potassi)-Sèrum;2,33
Perfil-Ions (sodi i potassi)-Sèrum [urgències];4,65
Perfil-Ions (sodi, potassi i clorur), excreció-Orina 24 h;3,03
Perfil-Ions (sodi, potassi i clorur)-Líquids biològics (en tots);3,03
Perfil-Ions (sodi, potassi i clorur)-Líquids biològics (en tots) [urgències];6,06
Perfil-Ions (sodi, potassi i clorur)-Orina;3,03
Perfil-Ions (sodi, potassi i clorur)-Orina [urgències];6,06
Perfil-Ions (sodi, potassi i clorur)-Plasma [urgències];4,65
Perfil-Ions (sodi, potassi i clorur)-Sèrum;2,33
Perfil-Ions (sodi, potassi i clorur)-Sèrum [urgències];4,65
Perfil-Lactat-deshidrogenasa (isoenzims)-Sèrum;15,53
Perfil-Metanefrines fraccionades, excreció-Orina 24 h;23,3
Perfil-Metanefrines fraccionades-Plasma;23,3
Perfil-Oximetria-Sang venosa [urgències];7,77
Perfil-Porfirines (HPLC)-Femta;30,27
Perfil-Porfirines (HPLC)-Orina;13,98
Perfil-Proteïnes (electroforesi)-Orina;13,98
Perfil-Proteïnes (electroforesi)-Sèrum;4,67
Perfil-Purines i pirimidines-Orina;82,5
Perfil-Sediment automatitzat-Orina;2,96
Perfil-Sediment automatitzat-Orina [urgències];5,89
Perfil-Sediment microscòpia-Orina;2,96
Perfil-Sediment microscòpia-Orina [urgències];5,89
Perfil-Seminograma, estudi de fertilitat;38,82
Perfil-Seminograma, estudi postvasectomia;31,05
Perfil-Tira reactiva-Orina;1,4
Perfil-Tira reactiva-Orina [urgències];2,79
pH-Líquid ascític [urgències];9,54
pH-Líquid biològic;4,77
pH-Líquid pleural;4,77
pH-Líquid pleural [urgències];9,54
Piridoxina (vitamina B6)-Plasma;31,05
Piridoxina (vitamina B6)-Sang;31,05
Piruvat-Plasma;14,79
Piruvat-Sang;14,79
Plom-Orina;7,42
Plom-Sang;5,72
Polipèptid intestinal vasoactiu (VIP)-Plasma;15,98
Polipèptid pancreàtic-Sèrum;44,88
Porfirines totals-Orina;12,93
Porfobilinogen-Orina;17,49
Porfobilinogen-Orina 24 h;17,49
Posaconazole-Sèrum;102,7
Prealbúmina-Sèrum;4,67
Primidona-Sèrum;13,74
Pro -BNP-Plasma;38,82
Pro -BNP-Plasma [urgències];77,62
Pro -BNP-Sèrum;38,82
Pro -BNP-Sèrum [urgències];77,62
Progesterona-Sèrum;5,43
Proinsulina-Sèrum;32,72
Prolactina, pool-Sèrum;8,07
Prolactina-Sèrum;6,21
Propèptid aminoterminal del procol·lagen-Sèrum;22,49
Proteïna amiloide A-Sèrum;23,3
Proteïna beta-amiloide-LCR;83,84
Proteïna C reactiva (PCR)-Líquid pleural;2,02
Proteïna C reactiva (PCR)-Líquid sinovial;2,02
Proteïna C reactiva (PCR)-Plasma [urgències];3,11
Proteïna C reactiva (PCR)-Sèrum;1,56
Proteïna C reactiva (PCR)-Sèrum [urgències];3,11
Proteïna C reactiva ultrasensible (PCR-us)-Sèrum;4,69
Proteïna enllaçant de l'IGF1 (IGF-BP1)-Sèrum;18,26
Proteïna enllaçant de l'IGF3 (IGF-BP3)-Sèrum;25,62
Proteïna enllaçant del retinol (RBP)-Sèrum;9,32
Proteïna epididimària humana 4 (HE4)-Sèrum;38,82
Proteïna ST2-Plasma;92,66
Proteïna tau-LCR;83,84
Proteïna-LCR;0,93
Proteïna-LCR [urgències];1,86
Proteïna-Líquid ascític;0,93
Proteïna-Líquid ascític [urgències];1,86
Proteïna-Líquid biològic [urgències];1,86
Proteïna-Líquid drenatge;0,93
Proteïna-Líquid pericàrdic;0,93
Proteïna-Líquid peritoneal;0,93
Proteïna-Líquid pleural;0,93
Proteïna-Líquid pleural [urgències];1,86
Proteïna-Líquid sinovial;0,93
Proteïna-Líquid sinovial [urgències];1,86
Proteïna-Orina;0,93
Proteïna-Orina 24 h;0,93
Proteïna-Plasma;0,46
Proteïna-Plasma [urgències];0,93
Proteïna-Sèrum;0,46
Proteïna-Sèrum [urgències];0,69
Proteïnes (electroforesi)-Orina;13,98
Protoporfirina lligada al Zn (eritròcits)-Sang;6,39
Protoporfirines (eritròcits)-Sang;6,39
Prova de l'alè (detecció d'Helicobacter pylori)-Alè;23,3
Quitotriosidasa-Sèrum;93
Rapamicina-Sang;51,57
Receptor soluble de la transferrina (TfR)-Sèrum;23,3
Renina (activitat)-Plasma;15,53
Renina-Plasma;15,53
Retinol (vitamina A)-Sèrum;15,53
Riboflavina (vitamina B2)-Sang;42,64
Risperidona-Sèrum;75,92
Rivaroxaban (HPLC-MS/MS)-Plasma;54
Seleni-Sèrum;12,3
Serotonina-Orina 24 h;37,26
Serotonina-Sèrum;37,26
Sialotransferrina-Sèrum;122,14
Somatostatina-Plasma;57,06
Subunitat alfahipofisària-Sèrum;46,98
Deshidroepiandrosterona-sulfat (S-DHEA)-Sèrum;6,21
Sulfonilurea-Orina;127,04
Sulfonilurea-Sèrum;109,55
Tacrolimús (HPLC-MS/MS)-Sang;45
Tacrolimús-Sang;15,53
Telopèptids-C enllaçants de col·lagen I (I-CTP)-Sèrum;23,3
Telopèptids-C enllaçants de col·lagen I (ß-CTx)-Plasma;23,3
Telopèptids-C enllaçants de col·lagen I (ß-CTx)-Sèrum;23,3
Teofil·lina-Sèrum;10,88
Testosterona (lliure)-Sèrum;20,19
Testosterona-Sèrum;4,81
Tiamina (vitamina B1)-Sang;27,95
Tiopurina metiltransferasa (TPMT)-Sang;23,58
Tiroglobulina-PAF;11,3
Tiroglobulina-Sèrum;8,7
Tirosina-cinasa 1 similar a fms (sFlt-1)-Sèrum;38,82
Tirotropina (TSH)-Sèrum;3,35
Tiroxina lliure (T4-lliure)-Sèrum;3,03
Tobramicina pic-Sèrum;20,19
Tobramicina vall-Sèrum;20,19
Topiramat-Sèrum;43,35
Transferrina deficient en glúcids (CDT)-Sèrum;43,35
Transferrina-Sèrum;1,56
Triglicèrid-Líquid ascític;1,21
Triglicèrid-Líquid biològic;1,21
Triglicèrid-Líquid pleural;1,21
Triglicèrid-Sèrum;0,93
Triglicèrid-Sèrum [urgències];1,86
Triiodotironina lliure (T3-lliure)-Sèrum;6,99
Triiodotironina (T3)-Sèrum;4,67
Tripsina-Sèrum;29,51
Triptasa-Sèrum;19,41
Troponina I-Plasma;7,02
Troponina I-Plasma [urgències];14,04
Troponina I-Sèrum;7,02
Troponina T-Plasma;7,02
Troponina T-Plasma [urgències];14,04
Troponina T-Sèrum;7,02
Urat-Líquid sinovial;0,51
Urat-Orina;0,51
Urat-Orina 24 h;0,51
Urat-Plasma [urgències];0,78
Urat-Sèrum;0,39
Urat-Sèrum [urgències];0,78
Urea-Líquid peritoneal;0,51
Urea-Orina;0,51
Urea-Orina [urgències];1,02
Urea-Orina 24 h;0,51
Urea-Plasma [urgències];0,78
Urea-Sèrum;0,39
Urea-Sèrum [urgències];0,78
Vancomicina (perfusió contínua)-Sèrum;12,1
Vancomicina pic-Sèrum;12,1
Vancomicina pic-Sèrum [urgències];24,22
Vancomicina vall-Sèrum;12,1
Vancomicina vall-Sèrum [urgències];24,22
Vancomicina-Sèrum;9,32
Vasopressina (ADH)-Plasma;9,32
Vigabatrina-Sèrum;35,76
Volum-Orina 24 h;5,43
Volum-Orina acidificada 24 h;5,43
Voriconazole-Sèrum;31,05
Zinc-Plasma;6
Zinc-Sèrum;6
II.7.A).2 HEMATOLOGIA;
Acetilcolinesterasa-Sang;7,45
Àcid periòdic de Schiff-Medul·la òssia;19,73
ADAMTS 13 (activitat)-Plasma;129,33
Agregació induïda pel col·lagen-Plasma ric en plaquetes;54,34
Agregació induïda pel col·lagen-Sang;54,34
Agregació induïda per la ristocetina-Plasma ric en plaquetes;58,99
Agregació induïda per la ristocetina-Sang;54,34
Agregació induïda per la trombina-Sang;23,3
Agregació induïda per l'ADP-Plasma ric en plaquetes;53,64
Agregació induïda per l'ADP-Sang;23,3
Agregació induïda per l'araquidonat-Plasma ric en plaquetes;8,74
Agregació induïda per l'araquidonat-Sang;18,63
Agregació induïda per l'epinefrina-Plasma ric en plaquetes;53,64
Agregació induïda per TRAP6-Plasma ric en plaquetes;19,05
Coombs indirecta-Sèrum;3,89
Anticoagulant lúpic (amb verí d’escurçó de Russell)-Plasma;34,94
Anticoagulant lúpic-Plasma;31,05
Anticossos irregulars (identificació)-Sang;93,15
Anticossos irregulars antieritrocítics (detecció)-Sèrum;3,89
Anticossos irregulars antieritrocítics (identificació)-Sèrum;93,15
Anti-FP4-heparinodependent-Plasma;235,83
"Antigen FMC7 (citometria); m. hematològiques";26,01
Antiglobulina directa (PAD) (titulació amb reactius monoespecífics)-Sang;22,16
Coombs directa-Sang;15,84
Antiplaquetaris (titulació)-Sang;349,32
Antiplasmina-Plasma;58,7
Antitrombina III (cromogènic)-Plasma;18,39
Antitrombina III (cromogènic)-Plasma [urgències];38,43
Autoanticossos antigranulocítics-Sang;253,35
"Cadenes lleugeres kappa de membrana (%) (citometria); m. hematològiques-Sang";14,25
"Cadenes kappa lleugeres de membrana (citometria); m. hematològiques";26,01
"Cadenes lleugeres lambda de membrana (%) (citometria); m. hematològiques-Sang";14,25
"Cadenes lleugeres lambda de membrana (citometria); m. hematològiques";26,01
"CD10 (citometria); m. hematològiques";26,01
"CD10 (citometria); m. hematològiques-Sang";26,01
"CD103 (citometria); m. hematològiques";26,01
"CD117 (citometria); m. hematològiques";26,01
"CD11c (citometria); m. hematològiques";26,01
"CD123 (citometria); m. hematològiques";26,01
"CD13 (citometria); m. hematològiques";26,01
"CD135 (citometria); m. hematològiques";26,01
"CD138 (citometria); m. hematològiques";26,01
"CD14 (citometria); m. hematològiques";26,01
"CD15 (citometria); m. hematològiques";26,01
"CD157 (citometria); m. hematològiques";26,01
"CD16 (citometria); m. hematològiques";26,01
"CD19 (citometria); m. hematològiques";26,01
"CD1a (citometria); m. hematològiques";26,01
"CD2 (citometria); m. hematològiques";26,01
"CD20 (citometria); m. hematològiques";26,01
"CD20 (citometria); m. hematològiques-Sang";26,01
"CD200 (citometria); m. hematològiques";26,01
"CD22 (citometria); m. hematològiques";26,01
"CD23 (citometria); m. hematològiques";26,01
"CD23 (citometria); m. hematològiques-Sang";26,01
"CD25 (citometria); m. hematològiques";26,01
"CD27 (citometria); m. hematològiques";26,01
"CD3 (Limfòcits T) (%) (citometria); m. hematològiques";14,25
"CD3 citoplasmàtic (citometria); m. hematològiques";26,01
"CD3 de membrana (citometria); m. hematològiques";26,01
"CD33 (citometria); m. hematològiques";26,01
"CD34 (citometria); m. hematològiques";26,01
"CD34-Producte d'afèresi; m. hematològiques";55,42
"CD36 (citometria); m. hematològiques-Sang";26,01
"CD38 (citometria); m. hematològiques";26,01
"CD4 (Limfòcits T) (citometria); m. hematològiques";26,01
"CD41 (citometria); m. hematològiques";26,01
"CD43 (citometria); m. hematològiques";26,01
"CD45 (citometria); m. hematològiques";26,01
"CD49d (citometria); m. hematològiques";26,01
"CD5 (citometria); m. hematològiques";26,01
"CD5 (citometria); m. hematològiques-Sang";26,01
"CD56 (citometria); m. hematològiques";26,01
"CD57 (citometria); m. hematològiques";26,01
"CD61 (citometria); m. hematològiques";26,01
"CD64 (citometria); m. hematològiques";26,01
"CD65 (citometria); m. hematològiques";26,01
"CD66b (citometria); m. hematològiques";26,01
"CD7 (citometria); m. hematològiques";26,01
"CD71 (citometria); m. hematològiques";26,01
"CD79a citoplasmàtic (citometria); m. hematològiques";26,01
"CD79b (citometria); m. hematològiques";26,01
"CD8 (Limfòcits T) (citometria); m. hematològiques";26,01
"CD9 (citometria); m. hematològiques";26,01
"Cèl·lules (citoquímica; microscòpia òptica i alfanaltil butirat-esterasa)-Medul·la òssia";24,64
Cèl·lules (mielograma)-Medul·la òssia;184,96
Cèl·lules (tinció MGG)-LCR;20,27
Cèl·lules (tinció MGG)-Líquid articular;14,78
Cèl·lules (tinció MGG)-Líquid ascític;14,78
Cèl·lules (tinció MGG)-Líquid pericàrdic;14,78
Cèl·lules (tinció MGG)-Líquid pleural;14,78
Cèl·lules (tinció MGG)-Orina;14,78
Citologia empremta (tinció MGG)-Altres teixits;20,27
Citologia empremta (tinció MGG)-Gangli;20,27
Citologia empremta (tinció MGG)-Medul·la òssia;37,26
Complexos solubles monòmers de fibrina (prova d'etanol)-Plasma;14,3
Concentració d'heparina (HNF o HBPM)-Plasma;60,85
Coombs directa plaquetària-Sang;53,27
Crioaglutinines-Sèrum;17,31
Dímer D de la fibrina (immunoturbidimetria)-Plasma;16,47
Dímer D de la fibrina (immunoturbidimetria)-Plasma [urgències];32,94
Elució eritrocítica-Sang;86,87
"Eosina-5'-maleimida (EMA); m. hematològiques-Sang";97,04
Eritrosedimentació (VSG)-Sang;0,93
Eritrosedimentació (VSG)-Sang [urgències];1,86
Estudi morfològic de la sèrie vermella-Sang;3,11
Factor anti-Xa-Plasma;38,82
Factor II de la coagulació (activitat)-Plasma;13,2
Factor II de la coagulació-Plasma;13,2
Factor IX de la coagulació (activitat)-Plasma;13,2
Factor IX de la coagulació-Plasma;13,2
Factor V de la coagulació (activitat)-Plasma;13,2
Factor V de la coagulació-Plasma;13,2
Factor VII de la coagulació (activat)-Plasma;13,2
Factor VII de la coagulació-Plasma;13,2
Factor VIII de la coagulació (activitat)-Plasma;13,2
Factor VIII de la coagulació (coagulatiu)-Plasma;13,2
Factor VIII de la coagulació (cromogènic)-Plasma;58,73
Factor von Willebrand (antigènic) (ELISA)-Plasma;38,82
Factor von Willebrand (antigènic) (immunoturbidimetria)-Plasma;56,36
Factor von Willebrand (cofactor de la ristocetina)-Plasma;38,82
Factor X de la coagulació (activitat)-Plasma;13,2
Factor X de la coagulació-Plasma;13,2
Factor XI de la coagulació (activitat)-Plasma;13,2
Factor XI de la coagulació-Plasma;13,2
Factor XII de la coagulació (activitat)-Plasma;13,2
Factor XII de la coagulació-Plasma;13,2
Factor XIII de la coagulació (activitat)-Plasma;53,25
Factor XIII de la coagulació-Plasma;53,25
Fenotip eritrocitari (altres)-Sang;27,95
Fenotip eritrocitari Lewis-Sang;45,18
Fenotip eritrocitari Rh C-Sang;7,8
Fenotip eritrocitari Rh E-Sang;7,8
Fibrinogen Klauss (coagulatiu)-Plasma;6,84
Fibrinogen Klauss (coagulatiu)-Plasma [urgències];13,69
"FLAER (expressat en granulòcits) (citometria); m. hematològiques";26,01
"FLAER (expressat en monòcits) (citometria); m. hematològiques";26,01
Fosfatasa alcalina (granulòcits)-Sang;19,73
Genotip eritrocitari Rh-D simple-DNA sang;56,48
Glucosa-6-P-deshidrogenasa (activitat)-Sang;15,42
Glucosa-6-P-deshidrogenasa-Sang;15,53
Hemoglobina (electroforesi en pH àcid)-Sang;15,53
Hemoglobina (electroforesi en pH alcalí)-Sang;15,53
Hemoglobina A2-Sang;8,54
Hemoglobina F (Kleihaner)-Sang;14,46
Hemoglobina F-Sang;8,54
Hemoglobina S-Sang;10,85
Hemoglobines (HPLC)-Sang;9,32
Hemosiderina (tinció de Perls)-Medul·la òssia;15,53
"HLA-DR (citometria); m. hematològiques";26,01
"Immunofenotipat de mieloma (malaltia residual) (panell 16 Ac); m. hematològiques-Medul·la òssia";496,8
"Immunofenotipat de poblacions limfocítiques (panell 8 Ac); m. Hematològiques-Medul·la òssia";248,4
"Immunofenotipat de poblacions limfocítiques (panell 8 Ac); m. hematològiques-Gangli";248,4
"Immunofenotipat de poblacions limfocítiques (panell 8 Ac); m. hematològiques-Sang";248,4
"Immunofenotipat de síndrome limfoproliferativa (cribratge) (panell 12 Ac); m. hematològiques-Gangli";372,6
"Immunofenotipat de síndrome limfoproliferativa (cribratge) (panell 12 Ac); m. hematològiques-Medul·la òssia";372,6
"Immunofenotipat de síndrome limfoproliferativa (cribratge) (panell 12 Ac); m. hematològiques-Sang";372,6
Inhibidor del factor VIII de la coagulació-Plasma;31,2
"Mieloperoxidasa citoplasmàtica (citometria); m. hematològiques";26,01
Obturació membrana col·lagen-ADP (PFA)-Sang;50,28
Obturació membrana col·lagen-epinefrina (PFA)-Sang;50,28
"Perfil-CD34 (%) (citometria); m. hematològiques-Sang";57
Perfil-Grup ABO i Rh-Sang;3,89
Perfil-Fórmula leucocitària (microscòpia)-Sang;3,11
Perfil-Fórmula leucocitària (microscòpia)-Sang [urgències];6,21
Perfil-Hemograma-Sang;1,59
Perfil-Hemograma-Sang [urgències];3,16
Peroxidasa-Medul·la òssia;15,53
Piruvat-cinasa-Sang;22,07
Plaquetes en citrat-Sang;2,33
Plaquetes en citrat-Sang [urgències];4,67
Plasminogen-Plasma;54,87
Proteïna C (cromogènic)-Plasma;25,23
Proteïna S (no unida a proteïna) (coagulativa)-Plasma;40,23
Proteïna S (no unida a proteïna) (ELISA)-Plasma;20,1
Proteïna S (no unida a proteïna) (immunoturbidimetria)-Plasma;38,82
"Proteïna ZAP-70 (citometria); m. hematològiques-Sang";26,01
Prova creuada per unitat-Sang;20,97
Prova de glicerol-Sang;19,71
Prova de la taca fluorescent-Sang;4,94
Prova de resistència osmòtica (després d'incubar)-Sang;17,49
Prova de resistència osmòtica-Sang;17,49
Reaccions citoquímiques (altres)-Medul·la òssia;19,73
Resistència a la proteïna C activada-Plasma;25,45
Resistència a la proteïna C activada (plasma deficient factor V)-Plasma;70,46
Reticulòcits (absolut)-Sang;2,33
Reticulòcits (absolut)-Sang [urgències];4,67
"TdT nuclear; m. hematològiques";240
Temps de protrombina (rati)-Plasma;1,33
Temps de protrombina (rati)-Plasma;1,33
Temps de protrombina (rati)-Plasma [urgències];2,64
Temps de reptilasa (rati)-Plasma;16,71
Temps de trombina (rati)-Plasma;18,63
Temps de trombina (rati)-Plasma [urgències];37,26
Trombocitopènia autoimmune (estudi)-Sang;190,29
TTPA (rati)-Plasma;1,33
TTPA (rati)-Plasma [urgències];2,64
TTPA (rati)-Plasma [urgències];2,64
II.7.A).3 IMMUNOLOGIA;
Adalimumab-Sèrum;108,68
Anti-21-hidroxilasa-Sèrum;49,44
Antiactina F (IFI sobre cèl. VSM47 en triple teixit)-Sèrum;19,31
Antiactina F-Sèrum;19,27
Antiadalimumab-Sèrum;108,68
Anti-ADNds (quantificació)-Sèrum;7,84
Anti-ADNn (Crithidia lucilliae)-Sèrum;4,58
Antianhidrasa carbònica-Sèrum;147,58
Anti-ASCA IgA -Sèrum;31,05
Anti-ASCA IgG -Sèrum;31,05
Anti-ASCAs-Sèrum;38,85
Anti-beta-2-glicoproteïna IgG-Sèrum;12,9
Anti-beta-2-glicoproteïna IgM-Sèrum;11,8
Anti-canals de calci-Sèrum;94,34
Anti-canals de potassi-Sèrum;98,9
Anticardiolipina IgG-Sèrum;9,04
Anticardiolipina IgM-Sèrum;9,04
Anti-PCA-Sèrum;9,32
Anti-cèl·lules suprarenals-Sèrum;13,3
Anticentròmer (especificitats)-Sèrum;6,21
Anticentròmer (IFI)-Sèrum;6,21
Anti-ANCA (IFI)-Sèrum;11,57
Anti-ANCA (IFI)-Sèrum [urgències];23,13
Anti-ANCA-BPI-Sèrum;17,49
Anti-ANCA-catepsina G-Sèrum;17,49
Anti-ANCA-elastasa-Sèrum;17,49
Anti-ANCA-lactoferrina-Sèrum;17,49
Anti-col·lagen tipus IV (cadena alfa-3)-Sèrum;31,05
Anticomplement C1q-Sèrum;46,57
Anticomplement C3bBb (factor nefrític)-Sèrum;108,68
Anti-desmogleïna-3-Sèrum;32,61
Anti-desmogleïna-1-Sèrum;32,61
Anti-desmosoma BP180-Sèrum;32,61
Anti-desmosoma BP230-Sèrum;32,61
Anti-ENA (cribratge amb mescla d'Ag.) (CLIA)-Sèrum;32,37
Antiendomisi IgA -Sèrum;7,9
Antiendomisi IgG -Sèrum;8,23
Anti-epidermis (cribratge)-Sèrum;15,53
Anti-factor H-Sèrum;108,68
Anti-factor intrínsec -Sèrum;9,32
Anti-factor reumatoide-Sèrum;1,56
Anti-GAD65-LCR;20,19
Anti-GAD65-Sèrum;16,61
Antigangliòsids (cribratge)-LCR;142,36
Antigangliòsids (cribratge)-Sèrum;109,55
Antigliadina IgA-Sèrum;10,17
Antigliadina IgG-Sèrum;10,17
Anti-glutation S-transferasa theta-1 (GSTT-1) (cribratge IFI)-Sèrum;9,32
Anti-GM1-Sèrum;67,71
Anti-gp210-Sèrum;69,29
Antihistones-Sèrum;31,66
Anti-HLA en fase sòlida (citometria amb microesferes)-Sang;215,8
Anti-HLA per CDC (panell reactiu d'Ac, PRA)-Sang;54,34
Anti-IA2-Sèrum;33,38
Anti-ICA (qualitatiu)-Sèrum;15,53
Anti-IgA -Sèrum;29,51
Anti-infliximab-Sèrum;108,68
Anti-insulina-Sèrum;12,68
Anti-Jo1 (CLIA)-Sèrum;11,44
Anti-LKM -Sèrum;6,21
Anti-MAG-LCR;66,6
Anti-MAG-Sèrum;51,24
Anti-MBT-Sèrum;67,71
Anti-membrana basal epitelial-Sèrum;15,53
Anti-miocardi-Sèrum;23,76
Anti-M2-E2 (BCOADC)-Sèrum;69,18
Anti-M2-E2 (blot)-Sèrum;69,18
Anti-M2-E2 (OCDC)-Sèrum;69,18
Antimitocondrials-Sèrum;6,99
Anti-MOG-Sèrum;74,06
Anti-MPO-Sèrum;10,88
Anti-múscul estriat-Sèrum;13,98
Anti-MuSK-Sèrum;62,1
Antineurones (cribratge)-LCR;181,65
Antineurones (cribratge)-Sèrum;139,72
Anti-anfifisina-Sèrum;72,19
Anti-aquaporina 4 (NMO)-Sèrum;69,87
Anti-Hu-Sèrum;44,16
Anti-Ri-Sèrum;44,88
Antinuclears (ANA) (IFI)-Líquid pleural;5,25
Antinuclears (ANA) (IFI)-Sèrum;4,62
Antinucleosomes-Sèrum;62,85
Anti-PCNA-Sèrum;46,62
Anti-pèptids citrulinats (ELISA)-Sèrum;23,3
Anti-PR3 (IgG) -Sèrum;13,47
Anti-receptor d'acetilcolina-Sèrum;33,41
Anti-receptor d'asialoglicoproteïna-Sèrum;61,62
Anti-receptor de fosfolipasa A2 (IGg4) (ELISA)-Sèrum;25,42
Anti-receptor de fosfolipasa A2 (IgG4) (IFI)-Sèrum;46,57
Anti-receptor de TSH-Sèrum;15,53
Anti-receptor d'insulina-Sèrum;59,31
Anti-reticulina IgA-Sèrum;6,83
Antiribosomes P-Sèrum;62,85
Anti-RNP (U1) (CLIA)-Sèrum;11,27
Anti-Scl-70 (blot)-Sèrum;69,18
Anti-Scl-70 (CLIA)-Sèrum;11,44
Anti-Sm (CLIA)-Sèrum;10,21
Anti-Sp100-Sèrum;69,18
Anti-SS-A (Ro) (CLIA)-Sèrum;8,88
Anti-SS-A (Ro52) (CLIA)-Sèrum;11,24
Anti-SS-A (Ro52) (ELISA)-Sèrum;62,85
Anti-SS-A (Ro60) (CLIA)-Sèrum;10,21
Anti-SS-B (La) (CLIA)-Sèrum;10,56
Anti-substància intercel·lular-Sèrum;15,53
Anti-tiroglobulina (TG)-Sèrum;11,37
Anti-tiroperoxidasa (TPO)-Sèrum;12,36
Anti-transglutaminasa IgA-Sèrum;11,1
Anti-transglutaminasa IgG -Sèrum;13,56
Anti-YO-Sèrum;44,88
Banda monoclonal (A, G, M, K, L) (IFX)-Sèrum;25,84
Banda monoclonal (D, E, K, L) (IFX)-Sèrum;38,58
Banda monoclonal (K, L) (IFX)-Orina 24 h;30,1
Cadenes lliures kappa-Orina;42,39
Cadenes lliures kappa-Sèrum;42,39
Cadenes lliures lambda-Orina;42,39
Cadenes lliures lambda-Sèrum;42,39
Capacitat oxidativa de granulòcits (citometria)-Sang;62,1
CD107a (estudi funcional d'expressió) (citometria)-Sang;96,43
CD11b (%) (citometria)-Sang;15,53
CD14 (%) (citometria)-Sang;13,98
CD154 (%) (citometria)-Sang;13,98
CD15s (%) (citometria)-Sang;14,75
CD19+ CD21- (B immadurs) (citometria)-Sang;29,51
CD19+ CD24+hi CD27- CD38+hi (B transicionals) (citometria)-Sang;55,89
CD25 soluble (aIL2R)-Sèrum;85,4
CD25 soluble (aIL2R)-Sèrum [Resposta ràpida];170,79
CD3- CD16+ CD56+ (limfòcits T-NK) (funció citotòxica) (citometria)-Sang;96,26
CD3+ TCRα-β+ (limfòcits T, receptor alfa-beta) (%) (citometria)-Sang;26,01
CD3+ TCRγ-δ+ (limfòcits T, receptor gamma-delta) (%) (citometria)-Sang;26,01
CD4+ CD25hi CD127lo Foxp3+ (limfòcits T reguladors) (citometria)-Sang;155,25
CD4+ CD45RA- CD183- CD196+ (limfòcits Th17) (citometria)-Sang;108,68
CD4+ CD45RA+ (limfòcits T) (%) (citometria)-Sang;29,51
CD4+ CD45RO+ (limfòcits T) (%) (citometria)-Sang;29,51
CD4+ IFNg+ (limfòcits T) (% en resposta a l'activació) (citometria)-Sang;96,43
CD4+ IL2+ (limfòcits T) (% en resposta a l'activació) (citometria)-Sang;96,43
CD56 (%) (citometria)-Sang;26,01
CD79a (%) (citometria)-Sang;13,98
CD8 CD45RO (limfòcits T) (%) (citometria)-Sang;29,51
CD8+ HLA-DR+ (limfòcits T) (%) (citometria)-Sang;29,51
CD8+ IFNg+ (limfòcits T) (% en resposta a l'activació) (citometria)-Sang;96,43
CD8+ IL2+ (limfòcits T) (% en resposta a l'activació) (citometria)-Sang;96,43
Cèl·lules dendrítiques convencionals (citometria)-Sang;79,6
Cèl·lules dendrítiques plasmocitoides (citometria)-Sang;79,6
Complement C1 inhibidor (activitat)-Plasma;12,02
Complement C1 inhibidor-Sèrum;8,35
Complement C1q-Sèrum;12,42
Complement C2-Sèrum;24,06
Complement C3-Sèrum;5,2
Complement C4-Sèrum;5,2
Complement C5-Sèrum;15,51
Complement C9-Sèrum;34,84
Complement factor B-Sèrum;24,84
Complement factor H-Sèrum;30,74
Complement factor I-Sèrum;41,5
Complement, complex d'atac a la membrana soluble (sC5b9)-Sèrum;108,68
Complement, via alternativa (capacitat hemolítica AH50)-Sèrum;91,83
Complement, via clàssica (capacitat hemolítica CH50)-Sèrum;10,56
Complement, via lectines MBL (ELISA)-Sèrum;170,78
Crioglobulines (detecció)-Sèrum;3,36
FAS lligand soluble circulant (ELISA)-Sèrum;225
HLA classe I (A i B) (fenotip)-Sang;147,49
HLA-A (alta resolució) (genotipat)-DNA sang;220,39
HLA-A (baixa/mitjana resolució) (genotipat)-DNA sang;149,8
HLA-A*29 (genotipat)-DNA sang;46,57
HLA-A,-B,-Cw,-DRB1 (alta resolució) (genotipat)-DNA sang;220,39
HLA-B (alta resolució) (genotipat)-DNA sang;220,39
HLA-B (baixa/mitjana resolució) (genotipat)-DNA sang;149,8
HLA-B*27 (genotipat)-DNA sang;31,05
HLA-B*51 (genotipat)-DNA sang;46,57
HLA-B*57:01 (genotipat)-DNA sang;75,73
HLA-B27 (fenotip) (citometria)-Sang;14,2
HLA-Cw (alta resolució) (genotipat)-DNA sang;220,39
HLA-Cw (baixa/mitja resolució) (genotipat)-DNA sang;149,8
HLA-DQ2/DQ8 (genotipat)-DNA sang;83,06
HLA-DQB1 (alta resolució) (genotipat)-DNA sang;220,39
HLA-DQB1 (baixa resolució) (genotipat)-DNA sang;197,3
HLA-DQB1*0602 (genotipat)-DNA sang;51,24
HLA-DRB (alta resolució) (genotipat)-DNA sang;220,39
HLA-DRB (baixa resolució) (genotipat)-DNA sang;149,8
HLA-DRB1*03/DRB1*04 (genotipat)-DNA sang;148,1
IgE anti-abella (Apis mellífera)-Sèrum;10,88
IgE anti-abella (rApis m1)-Sèrum;27,95
IgE anti-abella (rApis m10)-Sèrum;29,67
IgE anti-Acarus siro-Sèrum;10,88
IgE anti-àcid clavulànic-Sèrum;16,61
IgE anti-albercoc (Prunus armeniaca)-Sèrum;10,88
IgE anti-albergínia (Solanum melongena)-Sèrum;10,88
IgE anti-albúmina sèrica bovina-Sèrum;10,88
IgE anti-albúmina sèrica de gat-Sèrum;10,88
IgE anti-albúmina sèrica de porc-Sèrum;10,88
IgE anti-alfa-lactoalbúmina (de vaca)-Sèrum;10,88
IgE anti-Alnus incana-Sèrum;10,88
IgE anti-Alopecurus pratensis-Sèrum;10,88
IgE anti-Alternaria alternata (A. tenuis)-Sèrum;10,88
IgE anti-Alternaria alternata (rAlt a1)-Sèrum;27,95
IgE anti-alvocat (Persea americana)-Sèrum;10,88
IgE anti-Ambrosia elatior, Art. absinthum, Plantag lanceolata, Chenop. album, Salsola kali-Sèrum;10,88
IgE anti-ametlla (Amygdalus communis)-Sèrum;10,88
IgE anti-amoxicil·lina-Sèrum;10,88
IgE anti-ampicil·lina-Sèrum;10,88
IgE anti-anacard (Anacardium occidentale)-Sèrum;10,88
IgE anti-ananàs (pinya) (Ananas comosus)-Sèrum;10,88
IgE anti-Anisakis-Sèrum;10,88
IgE anti-api (Apium graveolens)-Sèrum;10,88
IgE anti-arròs (Oryza sativa)-Sèrum;10,88
IgE anti-Artemisia vulgaris (nArt v1)-Sèrum;37,57
IgE anti-Artemisia vulgaris (nArt v3)-Sèrum;20,38
IgE anti-Artemisia vulgaris-Sèrum;10,88
IgE anti-Ascaris-Sèrum;10,88
IgE anti-Aspergillus fumigatus (rAsp f2)-Sèrum;27,95
IgE anti-Aspergillus fumigatus (rAsp f4)-Sèrum;27,95
IgE anti-Aspergillus fumigatus-Sèrum;10,88
IgE anti-Aspergillus niger-Sèrum;10,88
IgE anti-Aspergillus terreus-Sèrum;10,88
IgE anti-avellana (Corylus avellana)-Sèrum;10,88
IgE anti-Avena sativa-Sèrum;10,88
IgE anti-bacallà (Gadus morhua)-Sèrum;10,88
IgE anti-bacallà, arengada, verat, palaia-Sèrum;10,88
IgE anti-bacallà, gamba, musclo, tonyina,salmó-Sèrum;10,88
IgE anti-beta-lactoglobulina (de vaca)-Sèrum;10,88
IgE anti-Betula verrucosa (rBet v1)-Sèrum;27,95
IgE anti-Betula verrucosa-Sèrum;10,88
IgE anti-blat (Triticum aestivum)-Sèrum;10,88
IgE anti-blat de moro (Zea Mays)-Sèrum;10,88
IgE anti-blat, civada, blat de moro, llavor de sèsam, fajol-Sèrum;10,88
IgE anti-blat, sègol, ordi, arròs-Sèrum;12,93
IgE anti-Blomia tropicalis-Sèrum;10,88
IgE anti-bruixa (Lepidorhombus whiffiagonis)-Sèrum;10,88
IgE anti-cacau (Theobroma cacao)-Sèrum;10,88
IgE anti-cacauet (Arachis hypogaea)-Sèrum;10,88
IgE anti-cacauet (rAra h1)-Sèrum;27,95
IgE anti-cacauet (rAra h2)-Sèrum;27,95
IgE anti-cacauet (rAra h3)-Sèrum;27,95
IgE anti-cacauet (rAra h8)-Sèrum;27,95
IgE anti-cacauet (rAra h9 LTP)-Sèrum;27,95
IgE anti-cacauet, avellana, nou del Brasil, ametlla, coco-Sèrum;10,88
IgE anti-calamar (Loligo spp.)-Sèrum;10,88
IgE anti-Candida albicans-Sèrum;10,88
IgE anti-carbassa (Cucurbita pepo)-Sèrum;10,88
IgE anti-caseïna (de vaca)-Sèrum;10,88
IgE anti-caspa de cavall-Sèrum;10,88
IgE anti-caspa de gat-Sèrum;10,88
IgE anti-caspa de gos-Sèrum;10,88
IgE anti-caspa de vaca-Sèrum;10,88
IgE anti-Castanea sativa-Sèrum;10,88
IgE anti-castanya (Castanea sativa)-Sèrum;10,88
IgE anti-ceba (Allium cepa)-Sèrum;10,88
IgE anti-cefuroxima-Sèrum;16,61
IgE anti-Chenopodium album-Sèrum;10,88
IgE anti-Chrysanthemum leucanthemun-Sèrum;10,88
IgE anti-cigró (Cicer arietinus)-Sèrum;10,88
IgE anti-cirera (Prunus avium)-Sèrum;10,88
IgE anti-civada (Avena sativa)-Sèrum;10,88
IgE anti-Cladosporium herbarum (hormodendrum)-Sèrum;10,88
IgE anti-clara d'ou-Sèrum;10,88
IgE anti-clara ou, llet de vaca, bacallà, blat, cacauet, soja-Sèrum;12,93
IgE anti-cloïssa (Ruditapes spp.)-Sèrum;10,88
IgE anti-coco (Cocos nucifera)-Sèrum;10,88
IgE anti-component al·lergènic MUXF3 CCD, Bromelina-Sèrum;23,3
IgE anti-components al·lergènics (bioxip –microarray–)-Sèrum;326,11
IgE anti-conill (Oryctolagus spp.)-Sèrum;10,88
IgE anti-corc dels cereals (Sitophilus granarius)-Sèrum;10,88
IgE anti-Corylus avellana-Sèrum;10,88
IgE anti-cotó-Sèrum;10,88
IgE anti-Cupressus arizonica (nCup a1)-Sèrum;30,93
IgE anti-Cupressus arizonica-Sèrum;10,88
IgE anti-Cupressus sempervirens-Sèrum;10,88
IgE anti-curri (Santa Maria)-Sèrum;10,88
IgE anti-Cynodon dactylon-Sèrum;10,88
IgE anti-Dactylis glomerata, Festuca elatior, Lolium perenne, Phleum pratense, Poa pratensis-Sèrum;10,88
IgE anti-Dactylis glomerata-Sèrum;10,88
IgE anti-Dermatophagoides farinae-Sèrum;10,88
IgE anti-Dermatophagoides microceras-Sèrum;10,88
IgE anti-tropomiosina recombinant de D. pteronyssinus (rDer p10)-Sèrum;27,95
IgE anti-Dermatophagoides pteronyssinus (rDer p1)-Sèrum;23,3
IgE anti-Dermatophagoides pteronyssinus (rDer p2)-Sèrum;20,38
IgE anti-Dermatophagoides pteronyssinus-Sèrum;10,88
IgE anti-dipirona-Sèrum;17,09
IgE anti-doxiciclina-Sèrum;16,61
IgE anti-Echinococcus-Sèrum;10,88
IgE anti-emperador/peix espasa (Xiphias gladius)-Sèrum;10,88
IgE anti-enciam (Lactuca sativa)-Sèrum;10,88
IgE anti-epiteli de cabra-Sèrum;10,88
IgE anti-epiteli de conill porquí-Sèrum;10,88
IgE anti-epiteli de conill-Sèrum;10,88
IgE anti-epiteli de hàmster-Sèrum;10,88
IgE anti-espàrrec (Asparagus officinalis)-Sèrum;10,88
IgE anti-Euroglyphus maynei-Sèrum;10,88
IgE anti-excrements de colom-Sèrum;10,88
IgE anti-excrements de pollastre-Sèrum;10,88
IgE anti-festuc (pistatxo) (Pistacia vera)-Sèrum;10,88
IgE anti-Festuca elatior-Sèrum;10,88
IgE anti-figa (Ficus carica)-Sèrum;10,88
IgE anti-formatge (tipus Cheddar)-Sèrum;10,88
IgE anti-formatges (Camembert, Brie, Gorgonzola, Roquefort)-Sèrum;10,88
IgE anti-Fraxinus americana-Sèrum;10,88
IgE anti-gamba (Pandalus borealis)-Sèrum;10,88
IgE anti-gentamicina-Sèrum;16,61
IgE anti-gluten-Sèrum;10,88
IgE anti-gos (rCan f5)-Sèrum;27,95
IgE anti-Hollister Stier Labs.-Sèrum;10,88
IgE anti-Hordeum vulgare-Sèrum;10,88
IgE anti-ibuprofèn-Sèrum;16,61
IgE anti-insulina humana-Sèrum;10,88
IgE anti-isocianat HDI-Sèrum;10,88
IgE anti-isocianat MDI-Sèrum;10,88
IgE anti-isocianat TDI-Sèrum;10,88
IgE anti-Juglans californica-Sèrum;10,88
IgE anti-Juniperus sabinoides-Sèrum;10,88
IgE anti-kiwi (Actinidia chinenesis)-Sèrum;10,88
IgE anti-kiwi, meló, plàtan, préssec, pinya-Sèrum;12,93
IgE anti-làtex (rHev b5)-Sèrum;10,88
IgE anti-làtex (rHev b5)-Sèrum;27,95
IgE anti-Lepidoglyphus destructor-Sèrum;10,88
IgE anti-llamàntol (Homarus gammarus)-Sèrum;10,88
IgE anti-llavor de fonoll (Foeniculum vulgare)-Sèrum;10,88
IgE anti-llavor de gira-sol-Sèrum;10,88
IgE anti-llavor de sèsam (Sesamum indicum)-Sèrum;10,88
